{
    "1": {
        "number": "DL 13S 7817",
        "date": "6 Jul 2020",
        "status": "./assets/icons/rejected_tag.svg"
    },
    "2": {
        "number": "HR 1G 1JGD6S",
        "date": "6 Jul 2020",
        "status": "./assets/icons/rejected_tag.svg"
    },
    "3": {
        "number": "RJ 02 GB 2222",
        "date": "6 Jul 2020",
        "status": "./assets/icons/rejected_tag.svg"
    },
    "4": {
        "number": "HR 1G 1JGD6S",
        "date": "6 Jul 2020",
        "status": "./assets/icons/rejected_tag.svg"
    },
    "5": {
        "number": "DL 13S 7817",
        "date": "6 Jul 2020",
        "status": "./assets/icons/rejected_tag.svg"
    },
    "6": {
        "number": "DL 13S 7817",
        "date": "6 Jul 2020",
        "status": "./assets/icons/rejected_tag.svg"
    }
}